9780141182551,To Kill a Mockingbird,Harper Lee,Classic American Novel
9780061120084,red,George Orwell,Dystopian Fiction
9780451524935,Pride and Prejudice,Jane Austen,Romantic Novel
9780743273565,The Great Gatsby,F. Scott Fitzgerald,Jazz Age Novel
9780142437209,Moby-Dick,Herman Melville,Adventure Novel
9780486280615,Dracula,Bram Stoker,Gothic Horror
9781613823730,Frankenstein,Mary Shelley,Science Fiction Horror
9780746273565,The Catcher in the Rye,J.D. Salinger,Coming of age Novel
9780141439471,Wuthering Heights,Emily Brontė,Romantic Novel