123456789,John Doe,123 Main St,456 University Ave,1234567890
987654321,Jane Smith,456 Elm St,789 College Rd,9876543210
111222333,Alice Johnson,789 Oak St,123 School St,1112223330
444555666,Bob Williams,321 Pine St,456 State St,4445556660
777888999,Mary Brown,654 Maple St,789 Avenue Rd,7778889990
666555444,David Lee,987 Birch St,123 Boulevard Ave,6665554440
333222111,Emily Wilson,147 Cherry St,456 Park Blvd,3332221110
222111000,Michael Johnson,369 Cedar St,789 Lane Rd,2221110000
555444333,Sarah Miller,753 Walnut St,123 Grove Ln,5554443330
888999000,Christopher Davis,159 Willow St,456 Forest Rd,8889990000
