123456789,John Doe,123456,2024-12-31,Regular
987654321,Jane Smith,234567,2024-12-31,Regular 
111222333,Alice Johnson,345678,2024-12-31,Premium 
444555666,Bob Williams,456789,2024-12-31,Regular 
777888999,Mary Brown,567890,2024-12-31,Regular 
666555444,David Lee,678901,2024-12-31,Regular 
333222111,Emily Wilson,789012,2024-12-31,Premium 
222111000,Michael Johnson,890123,2024-12-31,Regular 
555444333,Sarah Miller,901234,2024-12-31,Regular 
888999000,Christopher Davis,12345,2024-12-31,Regular
