Province_State,County,date,deaths
Alabama,Autauga,2020-01-23,0
Alabama,Baldwin,2020-01-24,0
Alabama,Barbour,2020-01-25,0
Alabama,Bibb,2020-01-26,0
Alabama,Blount,2020-01-27,0
Alabama,Bullock,2020-01-28,0
Alabama,Butler,2020-01-29,0
Alabama,Calhoun,2020-01-30,0
Alabama,Chambers,2020-01-31,0
Alabama,Cherokee,2020-02-01,0
Alabama,Chilton,2020-02-02,0
Alabama,Choctaw,2020-02-03,0
Alabama,Clarke,2020-02-04,0
Alabama,Clay,2020-02-05,0
Alabama,Cleburne,2020-02-06,0
Alabama,Coffee,2020-02-07,0
Alabama,Colbert,2020-02-08,0
Alabama,Conecuh,2020-02-09,0
Alabama,Coosa,2020-02-10,0
Alabama,Covington,2020-02-11,0
Alabama,Crenshaw,2020-02-12,0
Alabama,Cullman,2020-02-13,0
Alabama,Dale,2020-02-14,0
Alabama,Dallas,2020-02-15,0
Alabama,DeKalb,2020-02-16,0
Alabama,Elmore,2020-02-17,0
Alabama,Escambia,2020-02-18,0
Alabama,Etowah,2020-02-19,0
Alabama,Fayette,2020-02-20,0
Alabama,Franklin,2020-02-21,0
Alabama,Geneva,2020-02-22,0
Alabama,Greene,2020-02-23,0
Alabama,Hale,2020-02-24,0
Alabama,Henry,2020-02-25,0
Alabama,Houston,2020-02-26,0
Alabama,Jackson,2020-02-27,0
Alabama,Jefferson,2020-02-28,0
Alabama,Lamar,2020-02-29,0
Alabama,Lauderdale,2020-03-01,0
Alabama,Lawrence,2020-03-02,0
Alabama,Lee,2020-03-03,0
Alabama,Limestone,2020-03-04,0
Alabama,Lowndes,2020-03-05,0
Alabama,Macon,2020-03-06,0
Alabama,Madison,2020-03-07,0
Alabama,Marengo,2020-03-08,0
Alabama,Marion,2020-03-09,0
Alabama,Marshall,2020-03-10,0
Alabama,Mobile,2020-03-11,0
Alabama,Monroe,2020-03-12,0
Alabama,Montgomery,2020-03-13,0
Alabama,Morgan,2020-03-14,0
Alabama,Out of AL,2020-03-15,0
Alabama,Perry,2020-03-16,0
Alabama,Pickens,2020-03-17,0
Alabama,Pike,2020-03-18,0
Alabama,Randolph,2020-03-19,0
Alabama,Russell,2020-03-20,0
Alabama,Shelby,2020-03-21,0
Alabama,St. Clair,2020-03-22,0
Alabama,Sumter,2020-03-23,0
Alabama,Talladega,2020-03-24,0
Alabama,Tallapoosa,2020-03-25,0
Alabama,Tuscaloosa,2020-03-26,0
Alabama,Unassigned,2020-03-27,0
Alabama,Walker,2020-03-28,0
Alabama,Washington,2020-03-29,0
Alabama,Wilcox,2020-03-30,0
Alabama,Winston,2020-03-31,0
Alaska,Aleutians East,2020-04-01,0
Alaska,Aleutians West,2020-04-02,0
Alaska,Anchorage,2020-04-03,0
Alaska,Bethel,2020-04-04,0
Alaska,Bristol Bay,2020-04-05,0
Alaska,Bristol Bay plus Lake and Peninsula,2020-04-06,0
Alaska,Denali,2020-04-07,1
Alaska,Dillingham,2020-04-08,0
Alaska,Fairbanks North Star,2020-04-09,0
Alaska,Haines,2020-04-10,0
Alaska,Hoonah-Angoon,2020-04-11,0
Alaska,Juneau,2020-04-12,0
Alaska,Kenai Peninsula,2020-04-13,0
Alaska,Ketchikan Gateway,2020-04-14,0
Alaska,Kodiak Island,2020-04-15,0
Alaska,Kusilvak,2020-04-16,0
Alaska,Matanuska-Susitna,2020-04-17,1
Alaska,Nome,2020-04-18,0
Alaska,North Slope,2020-04-19,0
Alaska,Northwest Arctic,2020-04-20,-1
Alaska,Out of AK,2020-04-21,0
Alaska,Petersburg,2020-04-22,1
Alaska,Prince of Wales-Hyder,2020-04-23,0
Alaska,Sitka,2020-04-24,0
Alaska,Skagway,2020-04-25,0
Alaska,Southeast Fairbanks,2020-04-26,0
Alaska,Valdez-Cordova,2020-04-28,1
Alaska,Wrangell,2020-04-29,0
Alaska,Yakutat,2020-04-30,0
Alaska,Yukon-Koyukuk,2020-05-01,-1
American Samoa,0,2020-05-02,0
Arizona,Apache,2020-05-03,0
Arizona,Cochise,2020-05-04,0
Arizona,Coconino,2020-05-05,0
Arizona,Gila,2020-05-06,0
Arizona,Graham,2020-05-07,0
Arizona,Greenlee,2020-05-08,1
Arizona,La Paz,2020-05-09,0
Arizona,Maricopa,2020-05-10,0
Arizona,Mohave,2020-05-11,0
Arizona,Navajo,2020-05-12,0
Arizona,Out of AZ,2020-05-13,0
Arizona,Pima,2020-05-14,0
Arizona,Pinal,2020-05-15,0
Arizona,Santa Cruz,2020-05-16,0
Arizona,Yavapai,2020-05-18,0
Arizona,Yuma,2020-05-19,0
Arkansas,Arkansas,2020-05-20,-1
Arkansas,Ashley,2020-05-21,0
Arkansas,Baxter,2020-05-22,0
Arkansas,Benton,2020-05-23,0
Arkansas,Boone,2020-05-24,0
Arkansas,Bradley,2020-05-25,0
Arkansas,Carroll,2020-05-27,0
Arkansas,Chicot,2020-05-28,0
Arkansas,Clark,2020-05-29,0
Arkansas,Cleveland,2020-06-01,1
Arkansas,Columbia,2020-06-02,0
Arkansas,Conway,2020-06-03,0
Arkansas,Craighead,2020-06-04,0
Arkansas,Crawford,2020-06-05,0
Arkansas,Crittenden,2020-06-06,0
Arkansas,Cross,2020-06-07,0
Arkansas,Desha,2020-06-09,0
Arkansas,Drew,2020-06-10,1
Arkansas,Faulkner,2020-06-11,0
Arkansas,Fulton,2020-06-13,0
Arkansas,Garland,2020-06-14,0
Arkansas,Grant,2020-06-15,0
Arkansas,Hempstead,2020-06-17,0
Arkansas,Hot Spring,2020-06-18,1
Arkansas,Howard,2020-06-19,0
Arkansas,Independence,2020-06-20,1
Arkansas,Izard,2020-06-21,0
Arkansas,Johnson,2020-06-24,2
Arkansas,Lafayette,2020-06-25,0
Arkansas,Lincoln,2020-06-28,0
Arkansas,Little River,2020-06-29,0
Arkansas,Logan,2020-06-30,0
Arkansas,Lonoke,2020-07-01,0
Arkansas,Miller,2020-07-04,0
Arkansas,Mississippi,2020-07-05,0
Arkansas,Nevada,2020-07-08,0
Arkansas,Newton,2020-07-09,1
Arkansas,Ouachita,2020-07-10,1
Arkansas,Out of AR,2020-07-11,0
Arkansas,Phillips,2020-07-13,0
Arkansas,Poinsett,2020-07-15,1
Arkansas,Polk,2020-07-16,1
Arkansas,Pope,2020-07-17,1
Arkansas,Prairie,2020-07-18,0
Arkansas,Pulaski,2020-07-19,0
Arkansas,Saline,2020-07-21,0
Arkansas,Scott,2020-07-22,0
Arkansas,Searcy,2020-07-23,0
Arkansas,Sebastian,2020-07-24,0
Arkansas,Sevier,2020-07-25,0
Arkansas,Sharp,2020-07-26,0
Arkansas,St. Francis,2020-07-27,0
Arkansas,Stone,2020-07-28,0
Arkansas,Union,2020-07-30,0
Arkansas,Van Buren,2020-07-31,0
Arkansas,White,2020-08-02,0
Arkansas,Woodruff,2020-08-03,0
Arkansas,Yell,2020-08-04,0
California,Alameda,2020-08-05,1
California,Alpine,2020-08-06,0
California,Amador,2020-08-07,0
California,Butte,2020-08-08,0
California,Calaveras,2020-08-09,0
California,Colusa,2020-08-10,0
California,Contra Costa,2020-08-11,1
California,Del Norte,2020-08-12,0
California,El Dorado,2020-08-13,0
California,Fresno,2020-08-14,0
California,Glenn,2020-08-15,0
California,Humboldt,2020-08-16,0
California,Imperial,2020-08-17,0
California,Inyo,2020-08-18,0
California,Kern,2020-08-19,0
California,Kings,2020-08-20,0
California,Lake,2020-08-21,0
California,Lassen,2020-08-22,0
California,Los Angeles,2020-08-23,0
California,Madera,2020-08-24,0
California,Marin,2020-08-25,0
California,Mariposa,2020-08-26,0
California,Mendocino,2020-08-27,0
California,Merced,2020-08-28,0
California,Modoc,2020-08-29,0
California,Mono,2020-08-30,0
California,Monterey,2020-08-31,0
California,Napa,2020-09-01,1
California,Orange,2020-09-03,0
California,Out of CA,2020-09-04,0
California,Placer,2020-09-05,0
California,Plumas,2020-09-06,0
California,Riverside,2020-09-07,0
California,Sacramento,2020-09-08,0
California,San Benito,2020-09-09,0
California,San Bernardino,2020-09-10,0
California,San Diego,2020-09-11,0
California,San Francisco,2020-09-12,0
California,San Joaquin,2020-09-13,0
California,San Luis Obispo,2020-09-14,0
California,San Mateo,2020-09-15,0
California,Santa Barbara,2020-09-16,1
California,Santa Clara,2020-09-17,0
California,Shasta,2020-09-19,0
California,Sierra,2020-09-20,0
California,Siskiyou,2020-09-21,0
California,Solano,2020-09-22,1
California,Sonoma,2020-09-23,0
California,Stanislaus,2020-09-24,0
California,Sutter,2020-09-25,0
California,Tehama,2020-09-26,0
California,Trinity,2020-09-27,0
California,Tulare,2020-09-28,0
California,Tuolumne,2020-09-29,2
California,Ventura,2020-10-01,1
California,Yolo,2020-10-02,-1
California,Yuba,2020-10-03,0
Colorado,Adams,2020-10-04,0
Colorado,Alamosa,2020-10-05,0
Colorado,Arapahoe,2020-10-06,0
Colorado,Archuleta,2020-10-07,0
Colorado,Baca,2020-10-08,1
Colorado,Bent,2020-10-09,0
Colorado,Boulder,2020-10-10,0
Colorado,Broomfield,2020-10-11,0
Colorado,Chaffee,2020-10-12,0
Colorado,Cheyenne,2020-10-13,0
Colorado,Clear Creek,2020-10-14,0
Colorado,Conejos,2020-10-15,0
Colorado,Costilla,2020-10-16,0
Colorado,Crowley,2020-10-17,0
Colorado,Custer,2020-10-18,0
Colorado,Delta,2020-10-19,0
Colorado,Denver,2020-10-20,1
Colorado,Dolores,2020-10-21,1
Colorado,Douglas,2020-10-22,0
Colorado,Eagle,2020-10-23,0
Colorado,El Paso,2020-10-24,1
Colorado,Elbert,2020-10-25,0
Colorado,Fremont,2020-10-26,0
Colorado,Garfield,2020-10-27,0
Colorado,Gilpin,2020-10-28,0
Colorado,Grand,2020-10-29,0
Colorado,Gunnison,2020-10-30,0
Colorado,Hinsdale,2020-10-31,0
Colorado,Huerfano,2020-11-01,0
Colorado,Kiowa,2020-11-04,0
Colorado,Kit Carson,2020-11-05,0
Colorado,La Plata,2020-11-06,-1
Colorado,Larimer,2020-11-08,0
Colorado,Las Animas,2020-11-09,0
Colorado,Mesa,2020-11-12,0
Colorado,Mineral,2020-11-13,4
Colorado,Moffat,2020-11-14,0
Colorado,Montezuma,2020-11-15,0
Colorado,Montrose,2020-11-16,0
Colorado,Otero,2020-11-18,0
Colorado,Ouray,2020-11-19,2
Colorado,Out of CO,2020-11-20,0
Colorado,Park,2020-11-21,0
Colorado,Pitkin,2020-11-23,0
Colorado,Prowers,2020-11-24,0
Colorado,Pueblo,2020-11-25,2
Colorado,Rio Blanco,2020-11-26,1
Colorado,Rio Grande,2020-11-27,0
Colorado,Routt,2020-11-28,0
Colorado,Saguache,2020-11-29,0
Colorado,San Juan,2020-11-30,0
Colorado,San Miguel,2020-12-01,0
Colorado,Sedgwick,2020-12-02,0
Colorado,Summit,2020-12-03,0
Colorado,Teller,2020-12-04,0
Colorado,Weld,2020-12-07,0
Connecticut,Fairfield,2020-12-09,0
Connecticut,Hartford,2020-12-10,0
Connecticut,Litchfield,2020-12-11,0
Connecticut,Middlesex,2020-12-12,-1
Connecticut,New Haven,2020-12-13,0
Connecticut,New London,2020-12-14,0
Connecticut,Out of CT,2020-12-15,2
Connecticut,Tolland,2020-12-16,0
Connecticut,Windham,2020-12-18,1
Delaware,Kent,2020-12-19,0
Delaware,New Castle,2020-12-20,0
Delaware,Out of DE,2020-12-21,0
Delaware,Sussex,2020-12-22,0
District of Columbia,District of Columbia,2020-12-25,0
District of Columbia,Out of DC,2020-12-26,0
Florida,Alachua,2020-12-28,0
Florida,Baker,2020-12-29,0
Florida,Bay,2020-12-30,1
Florida,Bradford,2020-12-31,0
Florida,Brevard,2021-01-01,2
Florida,Broward,2021-01-02,0
Florida,Charlotte,2021-01-04,0
Florida,Citrus,2021-01-05,0
Florida,Collier,2021-01-07,0
Florida,DeSoto,2021-01-09,3
Florida,Dixie,2021-01-10,1
Florida,Duval,2021-01-11,1
Florida,Flagler,2021-01-13,0
Florida,Gadsden,2021-01-15,0
Florida,Gilchrist,2021-01-16,0
Florida,Glades,2021-01-17,0
Florida,Gulf,2021-01-18,0
Florida,Hamilton,2021-01-19,0
Florida,Hardee,2021-01-20,0
Florida,Hendry,2021-01-21,6
Florida,Hernando,2021-01-22,0
Florida,Highlands,2021-01-23,1
Florida,Hillsborough,2021-01-24,0
Florida,Holmes,2021-01-25,0
Florida,Indian River,2021-01-26,3
Florida,Leon,2021-02-01,0
Florida,Levy,2021-02-02,1
Florida,Liberty,2021-02-03,1
Florida,Manatee,2020-01-24,0
Florida,Martin,2020-01-26,0
Florida,Miami-Dade,2020-01-27,0
Florida,Nassau,2020-01-29,0
Florida,Okaloosa,2020-01-30,0
Florida,Okeechobee,2020-01-31,0
Florida,Osceola,2020-02-02,0
Florida,Out of FL,2020-02-03,0
Florida,Palm Beach,2020-02-04,0
Florida,Pasco,2020-02-05,0
Florida,Pinellas,2020-02-06,0
Florida,Putnam,2020-02-08,0
Florida,Santa Rosa,2020-02-09,0
Florida,Sarasota,2020-02-10,0
Florida,Seminole,2020-02-11,0
Florida,St. Johns,2020-02-12,0
Florida,St. Lucie,2020-02-13,0
Florida,Suwannee,2020-02-15,0
Florida,Taylor,2020-02-16,0
Florida,Volusia,2020-02-19,0
Florida,Wakulla,2020-02-20,0
Florida,Walton,2020-02-21,0
Georgia,Appling,2020-02-23,0
Georgia,Atkinson,2020-02-24,0
Georgia,Bacon,2020-02-25,0
Georgia,Banks,2020-02-28,0
Georgia,Barrow,2020-02-29,0
Georgia,Bartow,2020-03-01,0
Georgia,Ben Hill,2020-03-02,0
Georgia,Berrien,2020-03-03,0
Georgia,Bleckley,2020-03-05,0
Georgia,Brantley,2020-03-06,0
Georgia,Brooks,2020-03-07,0
Georgia,Bryan,2020-03-08,0
Georgia,Bulloch,2020-03-09,0
Georgia,Burke,2020-03-10,0
Georgia,Butts,2020-03-11,0
Georgia,Camden,2020-03-13,0
Georgia,Candler,2020-03-14,0
Georgia,Catoosa,2020-03-16,0
Georgia,Charlton,2020-03-17,0
Georgia,Chatham,2020-03-18,0
Georgia,Chattahoochee,2020-03-19,0
Georgia,Chattooga,2020-03-20,0
Georgia,Clayton,2020-03-24,0
Georgia,Clinch,2020-03-25,0
Georgia,Cobb,2020-03-26,0
Georgia,Colquitt,2020-03-28,0
Georgia,Cook,2020-03-30,0
Georgia,Coweta,2020-03-31,0
Georgia,Crisp,2020-04-02,0
Georgia,Dade,2020-04-03,0
Georgia,Dawson,2020-04-04,0
Georgia,Decatur,2020-04-06,0
Georgia,Dodge,2020-04-07,1
Georgia,Dooly,2020-04-08,0
Georgia,Dougherty,2020-04-09,0
Georgia,Early,2020-04-11,0
Georgia,Echols,2020-04-12,0
Georgia,Effingham,2020-04-13,0
Georgia,Emanuel,2020-04-15,0
Georgia,Evans,2020-04-16,0
Georgia,Fannin,2020-04-17,1
Georgia,Floyd,2020-04-19,0
Georgia,Forsyth,2020-04-20,-1
Georgia,Gilmer,2020-04-23,0
Georgia,Glascock,2020-04-24,0
Georgia,Glynn,2020-04-25,0
Georgia,Gordon,2020-04-26,0
Georgia,Grady,2020-04-27,1
Georgia,Gwinnett,2020-04-29,0
Georgia,Habersham,2020-04-30,0
Georgia,Hall,2020-05-01,-1
Georgia,Hancock,2020-05-02,0
Georgia,Haralson,2020-05-03,0
Georgia,Harris,2020-05-04,0
Georgia,Hart,2020-05-05,0
Georgia,Heard,2020-05-06,0
Georgia,Irwin,2020-05-09,0
Georgia,Jasper,2020-05-11,0
Georgia,Jeff Davis,2020-05-12,0
Georgia,Jenkins,2020-05-14,0
Georgia,Jones,2020-05-16,0
Georgia,Lanier,2020-05-18,0
Georgia,Laurens,2020-05-19,0
Georgia,Long,2020-05-23,0
Georgia,Lumpkin,2020-05-25,0
Georgia,McDuffie,2020-05-29,0
Georgia,McIntosh,2020-05-30,1
Georgia,Meriwether,2020-05-31,0
Georgia,Mitchell,2020-06-02,0
Georgia,Murray,2020-06-06,0
Georgia,Muscogee,2020-06-07,0
Georgia,Oconee,2020-06-09,0
Georgia,Oglethorpe,2020-06-10,1
Georgia,Out of GA,2020-06-11,0
Georgia,Paulding,2020-06-12,0
Georgia,Peach,2020-06-13,0
Georgia,Pierce,2020-06-15,0
Georgia,Quitman,2020-06-20,1
Georgia,Rabun,2020-06-21,0
Georgia,Richmond,2020-06-23,0
Georgia,Rockdale,2020-06-24,2
Georgia,Schley,2020-06-25,0
Georgia,Screven,2020-06-26,0
Georgia,Spalding,2020-06-28,0
Georgia,Stephens,2020-06-29,0
Georgia,Stewart,2020-06-30,0
Georgia,Talbot,2020-07-02,1
Georgia,Taliaferro,2020-07-03,0
Georgia,Tattnall,2020-07-04,0
Georgia,Telfair,2020-07-06,0
Georgia,Terrell,2020-07-07,0
Georgia,Thomas,2020-07-08,0
Georgia,Tift,2020-07-09,1
Georgia,Toombs,2020-07-10,1
Georgia,Towns,2020-07-11,0
Georgia,Treutlen,2020-07-12,1
Georgia,Troup,2020-07-13,0
Georgia,Turner,2020-07-14,2
Georgia,Twiggs,2020-07-15,1
Georgia,Upson,2020-07-18,0
Georgia,Ware,2020-07-21,0
Georgia,Warren,2020-07-22,0
Georgia,Wayne,2020-07-24,0
Georgia,Webster,2020-07-25,0
Georgia,Wheeler,2020-07-26,0
Georgia,Whitfield,2020-07-28,0
Georgia,Wilkes,2020-07-30,0
Georgia,Wilkinson,2020-07-31,0
Georgia,Worth,2020-08-01,0
Hawaii,Hawaii,2020-08-04,0
Hawaii,Honolulu,2020-08-05,1
Hawaii,Kalawao,2020-08-06,0
Hawaii,Kauai,2020-08-07,0
Hawaii,Maui,2020-08-08,0
Hawaii,Out of HI,2020-08-09,0
Idaho,Ada,2020-08-11,1
Idaho,Bannock,2020-08-13,0
Idaho,Bear Lake,2020-08-14,0
Idaho,Benewah,2020-08-15,0
Idaho,Bingham,2020-08-16,0
Idaho,Blaine,2020-08-17,0
Idaho,Boise,2020-08-18,0
Idaho,Bonner,2020-08-19,0
Idaho,Bonneville,2020-08-20,0
Idaho,Boundary,2020-08-21,0
Idaho,Camas,2020-08-23,0
Idaho,Canyon,2020-08-24,0
Idaho,Caribou,2020-08-25,0
Idaho,Cassia,2020-08-26,0
Idaho,Clearwater,2020-08-28,0
Idaho,Gem,2020-09-02,0
Idaho,Gooding,2020-09-03,0
Idaho,Idaho,2020-09-04,0
Idaho,Jerome,2020-09-06,0
Idaho,Kootenai,2020-09-07,0
Idaho,Latah,2020-09-08,0
Idaho,Lemhi,2020-09-09,0
Idaho,Lewis,2020-09-10,0
Idaho,Minidoka,2020-09-13,0
Idaho,Nez Perce,2020-09-14,0
Idaho,Oneida,2020-09-15,0
Idaho,Out of ID,2020-09-16,1
Idaho,Owyhee,2020-09-17,0
Idaho,Payette,2020-09-18,0
Idaho,Power,2020-09-19,0
Idaho,Shoshone,2020-09-20,0
Idaho,Teton,2020-09-21,0
Idaho,Twin Falls,2020-09-22,1
Idaho,Valley,2020-09-24,0
Illinois,Alexander,2020-09-27,0
Illinois,Bond,2020-09-28,0
Illinois,Brown,2020-09-30,0
Illinois,Bureau,2020-10-01,1
Illinois,Cass,2020-10-04,0
Illinois,Champaign,2020-10-05,0
Illinois,Christian,2020-10-06,0
Illinois,Clinton,2020-10-09,0
Illinois,Coles,2020-10-10,0
Illinois,Cumberland,2020-10-13,0
Illinois,De Witt,2020-10-14,0
Illinois,DuPage,2020-10-17,0
Illinois,Edgar,2020-10-18,0
Illinois,Edwards,2020-10-19,0
Illinois,Ford,2020-10-22,0
Illinois,Gallatin,2020-10-25,0
Illinois,Grundy,2020-10-27,0
Illinois,Hardin,2020-10-30,0
Illinois,Henderson,2020-10-31,0
Illinois,Iroquois,2020-11-02,0
Illinois,Jersey,2020-11-06,-1
Illinois,Jo Daviess,2020-11-07,0
Illinois,Kane,2020-11-09,0
Illinois,Kankakee,2020-11-10,0
Illinois,Kendall,2020-11-11,2
Illinois,Knox,2020-11-12,0
Illinois,LaSalle,2020-11-13,4
Illinois,Livingston,2020-11-17,1
Illinois,Macoupin,2020-11-20,0
Illinois,Mason,2020-11-24,0
Illinois,Massac,2020-11-25,2
Illinois,McDonough,2020-11-26,1
Illinois,McHenry,2020-11-27,0
Illinois,McLean,2020-11-28,0
Illinois,Menard,2020-11-29,0
Illinois,Mercer,2020-11-30,0
Illinois,Moultrie,2020-12-04,0
Illinois,Ogle,2020-12-05,0
Illinois,Out of IL,2020-12-06,0
Illinois,Peoria,2020-12-07,0
Illinois,Piatt,2020-12-09,0
Illinois,Richland,2020-12-15,2
Illinois,Rock Island,2020-12-16,0
Illinois,Sangamon,2020-12-18,1
Illinois,Schuyler,2020-12-19,0
Illinois,Stark,2020-12-23,2
Illinois,Stephenson,2020-12-24,0
Illinois,Tazewell,2020-12-25,0
Illinois,Vermilion,2020-12-28,0
Illinois,Wabash,2020-12-29,0
Illinois,Whiteside,2021-01-03,0
Illinois,Will,2021-01-04,0
Illinois,Williamson,2021-01-05,0
Illinois,Winnebago,2021-01-06,0
Illinois,Woodford,2021-01-07,0
Indiana,Allen,2021-01-09,3
Indiana,Bartholomew,2021-01-10,1
Indiana,Blackford,2021-01-12,0
Indiana,Daviess,2021-01-21,6
Indiana,Dearborn,2021-01-23,1
Indiana,Delaware,2021-01-25,0
Indiana,Dubois,2021-01-26,3
Indiana,Elkhart,2021-01-27,2
Indiana,Fountain,2021-01-30,0
Indiana,Gibson,2021-02-02,1
Indiana,Harrison,2020-01-26,0
Indiana,Hendricks,2020-01-27,0
Indiana,Huntington,2020-01-30,0
Indiana,Jay,2020-02-02,0
Indiana,Jennings,2020-02-04,0
Indiana,Kosciusko,2020-02-07,0
Indiana,LaGrange,2020-02-08,0
Indiana,LaPorte,2020-02-09,0
Indiana,Miami,2020-02-16,0
Indiana,Noble,2020-02-21,0
Indiana,Ohio,2020-02-22,0
Indiana,Out of IN,2020-02-24,0
Indiana,Owen,2020-02-25,0
Indiana,Parke,2020-02-26,0
Indiana,Porter,2020-02-29,0
Indiana,Posey,2020-03-01,0
Indiana,Ripley,2020-03-05,0
Indiana,Rush,2020-03-06,0
Indiana,Spencer,2020-03-09,0
Indiana,St. Joseph,2020-03-10,0
Indiana,Starke,2020-03-11,0
Indiana,Steuben,2020-03-12,0
Indiana,Sullivan,2020-03-13,0
Indiana,Switzerland,2020-03-14,0
Indiana,Tippecanoe,2020-03-15,0
Indiana,Tipton,2020-03-16,0
Indiana,Vanderburgh,2020-03-19,0
Indiana,Vermillion,2020-03-20,0
Indiana,Vigo,2020-03-21,0
Indiana,Warrick,2020-03-24,0
Indiana,Wells,2020-03-27,0
Indiana,Whitley,2020-03-29,0
Iowa,Adair,2020-03-30,0
Iowa,Allamakee,2020-04-01,0
Iowa,Appanoose,2020-04-02,0
Iowa,Audubon,2020-04-03,0
Iowa,Black Hawk,2020-04-05,0
Iowa,Bremer,2020-04-07,1
Iowa,Buchanan,2020-04-08,0
Iowa,Buena Vista,2020-04-09,0
Iowa,Cedar,2020-04-14,0
Iowa,Cerro Gordo,2020-04-15,0
Iowa,Chickasaw,2020-04-17,1
Iowa,Davis,2020-04-24,0
Iowa,Des Moines,2020-04-27,1
Iowa,Dickinson,2020-04-28,1
Iowa,Dubuque,2020-04-29,0
Iowa,Emmet,2020-04-30,0
Iowa,Guthrie,2020-05-07,0
Iowa,Ida,2020-05-15,0
Iowa,Iowa,2020-05-16,0
Iowa,Keokuk,2020-05-22,0
Iowa,Kossuth,2020-05-23,0
Iowa,Linn,2020-05-25,0
Iowa,Louisa,2020-05-26,0
Iowa,Lucas,2020-05-27,0
Iowa,Lyon,2020-05-28,0
Iowa,Mahaska,2020-05-30,1
Iowa,Mills,2020-06-02,0
Iowa,Monona,2020-06-04,0
Iowa,Muscatine,2020-06-07,0
Iowa,O'Brien,2020-06-08,0
Iowa,Out of IA,2020-06-10,1
Iowa,Page,2020-06-11,0
Iowa,Palo Alto,2020-06-12,0
Iowa,Plymouth,2020-06-13,0
Iowa,Pocahontas,2020-06-14,0
Iowa,Pottawattamie,2020-06-16,0
Iowa,Poweshiek,2020-06-17,0
Iowa,Ringgold,2020-06-18,1
Iowa,Sac,2020-06-19,0
Iowa,Sioux,2020-06-22,0
Iowa,Story,2020-06-23,0
Iowa,Tama,2020-06-24,2
Iowa,Wapello,2020-06-29,0
Iowa,Winneshiek,2020-07-05,0
Iowa,Woodbury,2020-07-06,0
Iowa,Wright,2020-07-08,0
Kansas,Anderson,2020-07-10,1
Kansas,Atchison,2020-07-11,0
Kansas,Barber,2020-07-12,1
Kansas,Barton,2020-07-13,0
Kansas,Bourbon,2020-07-14,2
Kansas,Chase,2020-07-17,1
Kansas,Chautauqua,2020-07-18,0
Kansas,Cloud,2020-07-23,0
Kansas,Coffey,2020-07-24,0
Kansas,Comanche,2020-07-25,0
Kansas,Cowley,2020-07-26,0
Kansas,Doniphan,2020-07-30,0
Kansas,Elk,2020-08-02,0
Kansas,Ellis,2020-08-03,0
Kansas,Ellsworth,2020-08-04,0
Kansas,Finney,2020-08-05,1
Kansas,Geary,2020-08-08,0
Kansas,Gove,2020-08-09,0
Kansas,Gray,2020-08-12,0
Kansas,Greeley,2020-08-13,0
Kansas,Greenwood,2020-08-14,0
Kansas,Harper,2020-08-16,0
Kansas,Harvey,2020-08-17,0
Kansas,Haskell,2020-08-18,0
Kansas,Hodgeman,2020-08-19,0
Kansas,Jewell,2020-08-22,0
Kansas,Kearny,2020-08-24,0
Kansas,Kingman,2020-08-25,0
Kansas,Labette,2020-08-27,0
Kansas,Lane,2020-08-28,0
Kansas,Leavenworth,2020-08-29,0
Kansas,McPherson,2020-09-05,0
Kansas,Meade,2020-09-06,0
Kansas,Morris,2020-09-10,0
Kansas,Morton,2020-09-11,0
Kansas,Nemaha,2020-09-12,0
Kansas,Neosho,2020-09-13,0
Kansas,Ness,2020-09-14,0
Kansas,Norton,2020-09-15,0
Kansas,Osage,2020-09-16,1
Kansas,Osborne,2020-09-17,0
Kansas,Ottawa,2020-09-18,0
Kansas,Out of KS,2020-09-19,0
Kansas,Pawnee,2020-09-20,0
Kansas,Pottawatomie,2020-09-22,1
Kansas,Pratt,2020-09-23,0
Kansas,Rawlins,2020-09-24,0
Kansas,Reno,2020-09-25,0
Kansas,Republic,2020-09-26,0
Kansas,Rice,2020-09-27,0
Kansas,Riley,2020-09-28,0
Kansas,Rooks,2020-09-29,2
Kansas,Seward,2020-10-05,0
Kansas,Shawnee,2020-10-06,0
Kansas,Sheridan,2020-10-07,0
Kansas,Sherman,2020-10-08,1
Kansas,Smith,2020-10-09,0
Kansas,Stafford,2020-10-10,0
Kansas,Stanton,2020-10-11,0
Kansas,Stevens,2020-10-12,0
Kansas,Sumner,2020-10-13,0
Kansas,Trego,2020-10-15,0
Kansas,Wabaunsee,2020-10-17,0
Kansas,Wallace,2020-10-18,0
Kansas,Wichita,2020-10-20,1
Kansas,Wilson,2020-10-21,1
Kansas,Woodson,2020-10-22,0
Kansas,Wyandotte,2020-10-23,0
Kentucky,Ballard,2020-10-27,0
Kentucky,Barren,2020-10-28,0
Kentucky,Bath,2020-10-29,0
Kentucky,Bell,2020-10-30,0
Kentucky,Boyd,2020-11-02,0
Kentucky,Boyle,2020-11-03,0
Kentucky,Bracken,2020-11-04,0
Kentucky,Breathitt,2020-11-05,0
Kentucky,Breckinridge,2020-11-06,-1
Kentucky,Bullitt,2020-11-07,0
Kentucky,Caldwell,2020-11-09,0
Kentucky,Calloway,2020-11-10,0
Kentucky,Campbell,2020-11-11,2
Kentucky,Carlisle,2020-11-12,0
Kentucky,Carter,2020-11-14,0
Kentucky,Casey,2020-11-15,0
Kentucky,Edmonson,2020-11-23,0
Kentucky,Elliott,2020-11-24,0
Kentucky,Estill,2020-11-25,2
Kentucky,Fleming,2020-11-27,0
Kentucky,Garrard,2020-12-02,0
Kentucky,Graves,2020-12-04,0
Kentucky,Grayson,2020-12-05,0
Kentucky,Green,2020-12-06,0
Kentucky,Greenup,2020-12-07,0
Kentucky,Harlan,2020-12-10,0
Kentucky,Hickman,2020-12-15,2
Kentucky,Hopkins,2020-12-16,0
Kentucky,Jessamine,2020-12-19,0
Kentucky,Kenton,2020-12-21,0
Kentucky,Knott,2020-12-22,0
Kentucky,Larue,2020-12-24,0
Kentucky,Laurel,2020-12-25,0
Kentucky,Leslie,2020-12-28,0
Kentucky,Letcher,2020-12-29,0
Kentucky,Magoffin,2021-01-05,0
Kentucky,McCracken,2021-01-10,1
Kentucky,McCreary,2021-01-11,1
Kentucky,Menifee,2021-01-14,0
Kentucky,Metcalfe,2021-01-16,0
Kentucky,Muhlenberg,2021-01-20,0
Kentucky,Nelson,2021-01-21,6
Kentucky,Nicholas,2021-01-22,0
Kentucky,Oldham,2021-01-24,0
Kentucky,Out of KY,2021-01-25,0
Kentucky,Owsley,2021-01-27,2
Kentucky,Pendleton,2021-01-28,2
Kentucky,Powell,2021-01-31,0
Kentucky,Robertson,2021-02-02,1
Kentucky,Rockcastle,2021-02-03,1
Kentucky,Rowan,2020-01-23,0
Kentucky,Simpson,2020-01-27,0
Kentucky,Todd,2020-01-30,0
Kentucky,Trigg,2020-01-31,0
Kentucky,Trimble,2020-02-01,0
Kentucky,Wolfe,2020-02-09,0
Louisiana,Acadia,2020-02-11,0
Louisiana,Ascension,2020-02-13,0
Louisiana,Assumption,2020-02-14,0
Louisiana,Avoyelles,2020-02-15,0
Louisiana,Beauregard,2020-02-16,0
Louisiana,Bienville,2020-02-17,0
Louisiana,Bossier,2020-02-18,0
Louisiana,Caddo,2020-02-19,0
Louisiana,Calcasieu,2020-02-20,0
Louisiana,Cameron,2020-02-22,0
Louisiana,Catahoula,2020-02-23,0
Louisiana,Claiborne,2020-02-24,0
Louisiana,Concordia,2020-02-25,0
Louisiana,De Soto,2020-02-26,0
Louisiana,East Baton Rouge,2020-02-27,0
Louisiana,East Carroll,2020-02-28,0
Louisiana,East Feliciana,2020-02-29,0
Louisiana,Evangeline,2020-03-01,0
Louisiana,Iberia,2020-03-04,0
Louisiana,Iberville,2020-03-05,0
Louisiana,Jefferson Davis,2020-03-08,0
Louisiana,Lafourche,2020-03-11,0
Louisiana,Morehouse,2020-03-15,0
Louisiana,Natchitoches,2020-03-16,0
Louisiana,Orleans,2020-03-17,0
Louisiana,Out of LA,2020-03-19,0
Louisiana,Plaquemines,2020-03-20,0
Louisiana,Pointe Coupee,2020-03-21,0
Louisiana,Rapides,2020-03-22,0
Louisiana,Red River,2020-03-23,0
Louisiana,Sabine,2020-03-25,0
Louisiana,St. Bernard,2020-03-26,0
Louisiana,St. Charles,2020-03-27,0
Louisiana,St. Helena,2020-03-28,0
Louisiana,St. James,2020-03-29,0
Louisiana,St. John the Baptist,2020-03-30,0
Louisiana,St. Landry,2020-03-31,0
Louisiana,St. Martin,2020-04-01,0
Louisiana,St. Mary,2020-04-02,0
Louisiana,St. Tammany,2020-04-03,0
Louisiana,Tangipahoa,2020-04-04,0
Louisiana,Tensas,2020-04-05,0
Louisiana,Terrebonne,2020-04-06,0
Louisiana,Vernon,2020-04-10,0
Louisiana,West Baton Rouge,2020-04-13,0
Louisiana,West Carroll,2020-04-14,0
Louisiana,West Feliciana,2020-04-15,0
Louisiana,Winn,2020-04-16,0
Maine,Androscoggin,2020-04-17,1
Maine,Aroostook,2020-04-18,0
Maine,Kennebec,2020-04-22,1
Maine,Out of ME,2020-04-25,0
Maine,Oxford,2020-04-26,0
Maine,Penobscot,2020-04-27,1
Maine,Piscataquis,2020-04-28,1
Maine,Sagadahoc,2020-04-29,0
Maine,Somerset,2020-04-30,0
Maine,Waldo,2020-05-02,0
Maine,York,2020-05-04,0
Maryland,Allegany,2020-05-05,0
Maryland,Anne Arundel,2020-05-06,0
Maryland,Baltimore,2020-05-07,0
Maryland,Baltimore City,2020-05-08,1
Maryland,Calvert,2020-05-09,0
Maryland,Caroline,2020-05-10,0
Maryland,Cecil,2020-05-12,0
Maryland,Charles,2020-05-13,0
Maryland,Dorchester,2020-05-14,0
Maryland,Frederick,2020-05-15,0
Maryland,Garrett,2020-05-16,0
Maryland,Harford,2020-05-17,0
Maryland,Out of MD,2020-05-21,0
Maryland,Prince George's,2020-05-22,0
Maryland,Queen Anne's,2020-05-23,0
Maryland,St. Mary's,2020-05-25,0
Maryland,Wicomico,2020-05-29,0
Maryland,Worcester,2020-05-30,1
Massachusetts,Barnstable,2020-05-31,0
Massachusetts,Berkshire,2020-06-01,1
Massachusetts,Bristol,2020-06-02,0
Massachusetts,Dukes,2020-06-03,0
Massachusetts,Dukes and Nantucket,2020-06-04,0
Massachusetts,Essex,2020-06-05,0
Massachusetts,Hampden,2020-06-07,0
Massachusetts,Hampshire,2020-06-08,0
Massachusetts,Nantucket,2020-06-10,1
Massachusetts,Norfolk,2020-06-11,0
Massachusetts,Out of MA,2020-06-12,0
Massachusetts,Suffolk,2020-06-14,0
Michigan,Alcona,2020-06-17,0
Michigan,Alger,2020-06-18,1
Michigan,Allegan,2020-06-19,0
Michigan,Alpena,2020-06-20,1
Michigan,Antrim,2020-06-21,0
Michigan,Arenac,2020-06-22,0
Michigan,Baraga,2020-06-23,0
Michigan,Barry,2020-06-24,2
Michigan,Benzie,2020-06-26,0
Michigan,Branch,2020-06-28,0
Michigan,Charlevoix,2020-07-01,0
Michigan,Cheboygan,2020-07-02,1
Michigan,Chippewa,2020-07-03,0
Michigan,Clare,2020-07-04,0
Michigan,Eaton,2020-07-09,1
Michigan,Federal Correctional Institution (FCI),2020-07-11,0
Michigan,Genesee,2020-07-12,1
Michigan,Gladwin,2020-07-13,0
Michigan,Gogebic,2020-07-14,2
Michigan,Grand Traverse,2020-07-15,1
Michigan,Gratiot,2020-07-16,1
Michigan,Hillsdale,2020-07-17,1
Michigan,Houghton,2020-07-18,0
Michigan,Huron,2020-07-19,0
Michigan,Ingham,2020-07-20,0
Michigan,Ionia,2020-07-21,0
Michigan,Iosco,2020-07-22,0
Michigan,Iron,2020-07-23,0
Michigan,Isabella,2020-07-24,0
Michigan,Kalamazoo,2020-07-26,0
Michigan,Kalkaska,2020-07-27,0
Michigan,Keweenaw,2020-07-29,0
Michigan,Lapeer,2020-07-31,0
Michigan,Leelanau,2020-08-01,0
Michigan,Lenawee,2020-08-02,0
Michigan,Luce,2020-08-04,0
Michigan,Mackinac,2020-08-05,1
Michigan,Macomb,2020-08-06,0
Michigan,Manistee,2020-08-07,0
Michigan,Marquette,2020-08-08,0
Michigan,Mecosta,2020-08-10,0
Michigan,Menominee,2020-08-11,1
Michigan,Michigan Department of Corrections (MDOC),2020-08-12,0
Michigan,Midland,2020-08-13,0
Michigan,Missaukee,2020-08-14,0
Michigan,Montcalm,2020-08-16,0
Michigan,Montmorency,2020-08-17,0
Michigan,Muskegon,2020-08-18,0
Michigan,Newaygo,2020-08-19,0
Michigan,Oakland,2020-08-20,0
Michigan,Oceana,2020-08-21,0
Michigan,Ogemaw,2020-08-22,0
Michigan,Ontonagon,2020-08-23,0
Michigan,Oscoda,2020-08-25,0
Michigan,Otsego,2020-08-26,0
Michigan,Out of MI,2020-08-28,0
Michigan,Presque Isle,2020-08-29,0
Michigan,Roscommon,2020-08-30,0
Michigan,Saginaw,2020-08-31,0
Michigan,Sanilac,2020-09-01,1
Michigan,Schoolcraft,2020-09-02,0
Michigan,Shiawassee,2020-09-03,0
Michigan,Tuscola,2020-09-06,0
Michigan,Washtenaw,2020-09-09,0
Michigan,Wexford,2020-09-11,0
Minnesota,Aitkin,2020-09-12,0
Minnesota,Anoka,2020-09-13,0
Minnesota,Becker,2020-09-14,0
Minnesota,Beltrami,2020-09-15,0
Minnesota,Big Stone,2020-09-17,0
Minnesota,Blue Earth,2020-09-18,0
Minnesota,Carlton,2020-09-20,0
Minnesota,Carver,2020-09-21,0
Minnesota,Chisago,2020-09-24,0
Minnesota,Cottonwood,2020-09-28,0
Minnesota,Crow Wing,2020-09-29,2
Minnesota,Dakota,2020-09-30,0
Minnesota,Faribault,2020-10-03,0
Minnesota,Fillmore,2020-10-04,0
Minnesota,Freeborn,2020-10-05,0
Minnesota,Goodhue,2020-10-06,0
Minnesota,Hennepin,2020-10-08,1
Minnesota,Hubbard,2020-10-10,0
Minnesota,Isanti,2020-10-11,0
Minnesota,Itasca,2020-10-12,0
Minnesota,Kanabec,2020-10-14,0
Minnesota,Kandiyohi,2020-10-15,0
Minnesota,Kittson,2020-10-16,0
Minnesota,Koochiching,2020-10-17,0
Minnesota,Lac qui Parle,2020-10-18,0
Minnesota,Lake of the Woods,2020-10-20,1
Minnesota,Le Sueur,2020-10-21,1
Minnesota,Mahnomen,2020-10-24,1
Minnesota,McLeod,2020-10-27,0
Minnesota,Meeker,2020-10-28,0
Minnesota,Mille Lacs,2020-10-29,0
Minnesota,Morrison,2020-10-30,0
Minnesota,Mower,2020-10-31,0
Minnesota,Nicollet,2020-11-02,0
Minnesota,Nobles,2020-11-03,0
Minnesota,Norman,2020-11-04,0
Minnesota,Olmsted,2020-11-05,0
Minnesota,Otter Tail,2020-11-06,-1
Minnesota,Out of MN,2020-11-07,0
Minnesota,Pennington,2020-11-08,0
Minnesota,Pine,2020-11-09,0
Minnesota,Pipestone,2020-11-10,0
Minnesota,Ramsey,2020-11-13,4
Minnesota,Red Lake,2020-11-14,0
Minnesota,Redwood,2020-11-15,0
Minnesota,Renville,2020-11-16,0
Minnesota,Rock,2020-11-18,0
Minnesota,Roseau,2020-11-19,2
Minnesota,Sherburne,2020-11-21,0
Minnesota,Sibley,2020-11-22,0
Minnesota,St. Louis,2020-11-23,0
Minnesota,Stearns,2020-11-24,0
Minnesota,Steele,2020-11-25,2
Minnesota,Swift,2020-11-27,0
Minnesota,Traverse,2020-11-29,0
Minnesota,Wabasha,2020-12-01,0
Minnesota,Wadena,2020-12-02,0
Minnesota,Waseca,2020-12-03,0
Minnesota,Watonwan,2020-12-05,0
Minnesota,Wilkin,2020-12-06,0
Minnesota,Winona,2020-12-07,0
Minnesota,Yellow Medicine,2020-12-09,0
Mississippi,Alcorn,2020-12-11,0
Mississippi,Amite,2020-12-12,-1
Mississippi,Attala,2020-12-13,0
Mississippi,Bolivar,2020-12-15,2
Mississippi,Coahoma,2020-12-23,2
Mississippi,Copiah,2020-12-24,0
Mississippi,Forrest,2020-12-27,1
Mississippi,George,2020-12-29,0
Mississippi,Grenada,2020-12-31,0
Mississippi,Hinds,2021-01-03,0
Mississippi,Humphreys,2021-01-05,0
Mississippi,Issaquena,2021-01-06,0
Mississippi,Itawamba,2021-01-07,0
Mississippi,Kemper,2021-01-13,0
Mississippi,Leake,2021-01-18,0
Mississippi,Leflore,2021-01-20,0
Mississippi,Neshoba,2021-01-28,2
Mississippi,Noxubee,2021-01-30,0
Mississippi,Oktibbeha,2021-01-31,0
Mississippi,Out of MS,2021-02-01,0
Mississippi,Panola,2021-02-02,1
Mississippi,Pearl River,2021-02-03,1
Mississippi,Pontotoc,2020-01-25,0
Mississippi,Prentiss,2020-01-26,0
Mississippi,Rankin,2020-01-28,0
Mississippi,Sharkey,2020-01-30,0
Mississippi,Sunflower,2020-02-03,0
Mississippi,Tallahatchie,2020-02-04,0
Mississippi,Tate,2020-02-05,0
Mississippi,Tippah,2020-02-06,0
Mississippi,Tishomingo,2020-02-07,0
Mississippi,Tunica,2020-02-08,0
Mississippi,Walthall,2020-02-11,0
Mississippi,Yalobusha,2020-02-18,0
Mississippi,Yazoo,2020-02-19,0
Missouri,Andrew,2020-02-21,0
Missouri,Audrain,2020-02-23,0
Missouri,Bates,2020-02-26,0
Missouri,Bollinger,2020-02-28,0
Missouri,Callaway,2020-03-04,0
Missouri,Cape Girardeau,2020-03-06,0
Missouri,Chariton,2020-03-11,0
Missouri,Cole,2020-03-16,0
Missouri,Cooper,2020-03-17,0
Missouri,Dent,2020-03-23,0
Missouri,Dunklin,2020-03-25,0
Missouri,Gasconade,2020-03-27,0
Missouri,Gentry,2020-03-28,0
Missouri,Hickory,2020-04-02,0
Missouri,Holt,2020-04-03,0
Missouri,Howell,2020-04-05,0
Missouri,Kansas City,2020-04-11,0
Missouri,Laclede,2020-04-13,0
Missouri,Maries,2020-04-22,1
Missouri,McDonald,2020-04-24,0
Missouri,Moniteau,2020-04-28,1
Missouri,New Madrid,2020-05-02,0
Missouri,Nodaway,2020-05-04,0
Missouri,Oregon,2020-05-05,0
Missouri,Out of MO,2020-05-07,0
Missouri,Ozark,2020-05-08,1
Missouri,Pemiscot,2020-05-09,0
Missouri,Pettis,2020-05-11,0
Missouri,Phelps,2020-05-12,0
Missouri,Platte,2020-05-14,0
Missouri,Ralls,2020-05-18,0
Missouri,Ray,2020-05-20,-1
Missouri,Reynolds,2020-05-21,0
Missouri,Scotland,2020-05-25,0
Missouri,Shannon,2020-05-27,0
Missouri,St. Francois,2020-05-31,0
Missouri,St. Louis City,2020-06-02,0
Missouri,Ste. Genevieve,2020-06-03,0
Missouri,Stoddard,2020-06-04,0
Missouri,Taney,2020-06-07,0
Missouri,Texas,2020-06-08,0
Montana,Beaverhead,2020-06-17,0
Montana,Big Horn,2020-06-18,1
Montana,Broadwater,2020-06-20,1
Montana,Carbon,2020-06-21,0
Montana,Cascade,2020-06-23,0
Montana,Chouteau,2020-06-24,2
Montana,Daniels,2020-06-26,0
Montana,Deer Lodge,2020-06-28,0
Montana,Fallon,2020-06-29,0
Montana,Fergus,2020-06-30,0
Montana,Flathead,2020-07-01,0
Montana,Glacier,2020-07-04,0
Montana,Golden Valley,2020-07-05,0
Montana,Granite,2020-07-06,0
Montana,Hill,2020-07-07,0
Montana,Judith Basin,2020-07-09,1
Montana,Lewis and Clark,2020-07-11,0
Montana,McCone,2020-07-15,1
Montana,Meagher,2020-07-16,1
Montana,Missoula,2020-07-18,0
Montana,Musselshell,2020-07-19,0
Montana,Out of MT,2020-07-20,0
Montana,Petroleum,2020-07-22,0
Montana,Pondera,2020-07-24,0
Montana,Powder River,2020-07-25,0
Montana,Ravalli,2020-07-28,0
Montana,Roosevelt,2020-07-30,0
Montana,Rosebud,2020-07-31,0
Montana,Sanders,2020-08-01,0
Montana,Silver Bow,2020-08-03,0
Montana,Stillwater,2020-08-04,0
Montana,Sweet Grass,2020-08-05,1
Montana,Toole,2020-08-07,0
Montana,Treasure,2020-08-08,0
Montana,Wheatland,2020-08-11,1
Montana,Wibaux,2020-08-12,0
Montana,Yellowstone,2020-08-13,0
Nebraska,Antelope,2020-08-15,0
Nebraska,Arthur,2020-08-16,0
Nebraska,Banner,2020-08-17,0
Nebraska,Box Butte,2020-08-20,0
Nebraska,Buffalo,2020-08-23,0
Nebraska,Burt,2020-08-24,0
Nebraska,Cherry,2020-08-29,0
Nebraska,Colfax,2020-09-01,1
Nebraska,Cuming,2020-09-02,0
Nebraska,Dawes,2020-09-05,0
Nebraska,Deuel,2020-09-07,0
Nebraska,Dixon,2020-09-08,0
Nebraska,Dundy,2020-09-11,0
Nebraska,Frontier,2020-09-14,0
Nebraska,Furnas,2020-09-15,0
Nebraska,Gage,2020-09-16,1
Nebraska,Garden,2020-09-17,0
Nebraska,Gosper,2020-09-19,0
Nebraska,Hayes,2020-09-25,0
Nebraska,Hitchcock,2020-09-26,0
Nebraska,Hooker,2020-09-28,0
Nebraska,Kearney,2020-10-02,-1
Nebraska,Keith,2020-10-03,0
Nebraska,Keya Paha,2020-10-04,0
Nebraska,Kimball,2020-10-05,0
Nebraska,Lancaster,2020-10-07,0
Nebraska,Loup,2020-10-10,0
Nebraska,Merrick,2020-10-13,0
Nebraska,Morrill,2020-10-14,0
Nebraska,Nance,2020-10-15,0
Nebraska,Nuckolls,2020-10-17,0
Nebraska,Otoe,2020-10-18,0
Nebraska,Out of NE,2020-10-19,0
Nebraska,Perkins,2020-10-21,1
Nebraska,Red Willow,2020-10-26,0
Nebraska,Richardson,2020-10-27,0
Nebraska,Sarpy,2020-10-30,0
Nebraska,Saunders,2020-10-31,0
Nebraska,Scotts Bluff,2020-11-01,0
Nebraska,Thayer,2020-11-07,0
Nebraska,Thurston,2020-11-09,0
Nevada,Carson City,2020-11-17,1
Nevada,Churchill,2020-11-18,0
Nevada,Elko,2020-11-21,0
Nevada,Esmeralda,2020-11-22,0
Nevada,Eureka,2020-11-23,0
Nevada,Lander,2020-11-25,2
Nevada,Nye,2020-11-29,0
Nevada,Out of NV,2020-11-30,0
Nevada,Pershing,2020-12-01,0
Nevada,Storey,2020-12-02,0
Nevada,Washoe,2020-12-04,0
Nevada,White Pine,2020-12-05,0
New Hampshire,Belknap,2020-12-06,0
New Hampshire,Cheshire,2020-12-08,0
New Hampshire,Coos,2020-12-09,0
New Hampshire,Grafton,2020-12-10,0
New Hampshire,Merrimack,2020-12-12,-1
New Hampshire,Out of NH,2020-12-13,0
New Hampshire,Rockingham,2020-12-14,0
New Hampshire,Strafford,2020-12-15,2
New Jersey,Atlantic,2020-12-18,1
New Jersey,Bergen,2020-12-19,0
New Jersey,Burlington,2020-12-20,0
New Jersey,Cape May,2020-12-22,0
New Jersey,Gloucester,2020-12-25,0
New Jersey,Hudson,2020-12-26,0
New Jersey,Hunterdon,2020-12-27,1
New Jersey,Monmouth,2020-12-30,1
New Jersey,Ocean,2021-01-01,2
New Jersey,Out of NJ,2021-01-02,0
New Jersey,Passaic,2021-01-03,0
New Jersey,Salem,2021-01-04,0
New Mexico,Bernalillo,2021-01-10,1
New Mexico,Catron,2021-01-11,1
New Mexico,Chaves,2021-01-12,0
New Mexico,Cibola,2021-01-13,0
New Mexico,Curry,2021-01-15,0
New Mexico,De Baca,2021-01-16,0
New Mexico,Dona Ana,2021-01-17,0
New Mexico,Eddy,2021-01-18,0
New Mexico,Guadalupe,2021-01-20,0
New Mexico,Harding,2021-01-21,6
New Mexico,Hidalgo,2021-01-22,0
New Mexico,Lea,2021-01-23,1
New Mexico,Los Alamos,2021-01-25,0
New Mexico,Luna,2021-01-26,3
New Mexico,McKinley,2021-01-27,2
New Mexico,Mora,2021-01-28,2
New Mexico,Out of NM,2021-01-30,0
New Mexico,Quay,2021-01-31,0
New Mexico,Rio Arriba,2021-02-01,0
New Mexico,Sandoval,2020-01-24,0
New Mexico,Santa Fe,2020-01-25,0
New Mexico,Socorro,2020-01-27,0
New Mexico,Taos,2020-01-28,0
New Mexico,Torrance,2020-01-29,0
New Mexico,Valencia,2020-02-01,0
New York,Albany,2020-02-02,0
New York,Bronx,2020-02-04,0
New York,Broome,2020-02-05,0
New York,Cattaraugus,2020-02-06,0
New York,Cayuga,2020-02-07,0
New York,Chemung,2020-02-09,0
New York,Chenango,2020-02-10,0
New York,Cortland,2020-02-13,0
New York,Dutchess,2020-02-15,0
New York,Erie,2020-02-16,0
New York,Herkimer,2020-02-23,0
New York,New York,2020-03-03,0
New York,Niagara,2020-03-04,0
New York,Onondaga,2020-03-06,0
New York,Ontario,2020-03-07,0
New York,Oswego,2020-03-10,0
New York,Out of NY,2020-03-12,0
New York,Queens,2020-03-14,0
New York,Rensselaer,2020-03-15,0
New York,Rockland,2020-03-17,0
New York,Saratoga,2020-03-18,0
New York,Schenectady,2020-03-19,0
New York,Schoharie,2020-03-20,0
New York,Seneca,2020-03-22,0
New York,St. Lawrence,2020-03-23,0
New York,Tioga,2020-03-27,0
New York,Tompkins,2020-03-28,0
New York,Ulster,2020-03-29,0
New York,Westchester,2020-04-03,0
New York,Wyoming,2020-04-04,0
New York,Yates,2020-04-05,0
North Carolina,Alamance,2020-04-06,0
North Carolina,Alleghany,2020-04-08,0
North Carolina,Anson,2020-04-09,0
North Carolina,Ashe,2020-04-10,0
North Carolina,Avery,2020-04-11,0
North Carolina,Beaufort,2020-04-12,0
North Carolina,Bertie,2020-04-13,0
North Carolina,Bladen,2020-04-14,0
North Carolina,Brunswick,2020-04-15,0
North Carolina,Buncombe,2020-04-16,0
North Carolina,Cabarrus,2020-04-18,0
North Carolina,Carteret,2020-04-21,0
North Carolina,Caswell,2020-04-22,1
North Carolina,Catawba,2020-04-23,0
North Carolina,Chowan,2020-04-26,0
North Carolina,Columbus,2020-04-29,0
North Carolina,Craven,2020-04-30,0
North Carolina,Currituck,2020-05-02,0
North Carolina,Dare,2020-05-03,0
North Carolina,Davidson,2020-05-04,0
North Carolina,Davie,2020-05-05,0
North Carolina,Duplin,2020-05-06,0
North Carolina,Durham,2020-05-07,0
North Carolina,Edgecombe,2020-05-08,1
North Carolina,Gaston,2020-05-11,0
North Carolina,Gates,2020-05-12,0
North Carolina,Granville,2020-05-14,0
North Carolina,Guilford,2020-05-16,0
North Carolina,Halifax,2020-05-17,0
North Carolina,Harnett,2020-05-18,0
North Carolina,Haywood,2020-05-19,0
North Carolina,Hertford,2020-05-21,0
North Carolina,Hoke,2020-05-22,0
North Carolina,Hyde,2020-05-23,0
North Carolina,Iredell,2020-05-24,0
North Carolina,Johnston,2020-05-26,0
North Carolina,Lenoir,2020-05-29,0
North Carolina,McDowell,2020-06-03,0
North Carolina,Mecklenburg,2020-06-04,0
North Carolina,Moore,2020-06-07,0
North Carolina,Nash,2020-06-08,0
North Carolina,New Hanover,2020-06-09,0
North Carolina,Northampton,2020-06-10,1
North Carolina,Onslow,2020-06-11,0
North Carolina,Out of NC,2020-06-13,0
North Carolina,Pamlico,2020-06-14,0
North Carolina,Pasquotank,2020-06-15,0
North Carolina,Pender,2020-06-16,0
North Carolina,Perquimans,2020-06-17,0
North Carolina,Person,2020-06-18,1
North Carolina,Pitt,2020-06-19,0
North Carolina,Robeson,2020-06-23,0
North Carolina,Rutherford,2020-06-26,0
North Carolina,Sampson,2020-06-27,1
North Carolina,Stanly,2020-06-29,0
North Carolina,Stokes,2020-06-30,0
North Carolina,Surry,2020-07-01,0
North Carolina,Swain,2020-07-02,1
North Carolina,Transylvania,2020-07-03,0
North Carolina,Tyrrell,2020-07-04,0
North Carolina,Vance,2020-07-07,0
North Carolina,Wake,2020-07-08,0
North Carolina,Watauga,2020-07-11,0
North Carolina,Yadkin,2020-07-15,1
North Carolina,Yancey,2020-07-16,1
North Dakota,Barnes,2020-07-18,0
North Dakota,Benson,2020-07-19,0
North Dakota,Billings,2020-07-20,0
North Dakota,Bottineau,2020-07-21,0
North Dakota,Bowman,2020-07-22,0
North Dakota,Burleigh,2020-07-24,0
North Dakota,Cavalier,2020-07-26,0
North Dakota,Dickey,2020-07-27,0
North Dakota,Divide,2020-07-28,0
North Dakota,Dunn,2020-07-29,0
North Dakota,Emmons,2020-07-31,0
North Dakota,Foster,2020-08-01,0
North Dakota,Grand Forks,2020-08-03,0
North Dakota,Griggs,2020-08-05,1
North Dakota,Hettinger,2020-08-06,0
North Dakota,Kidder,2020-08-07,0
North Dakota,LaMoure,2020-08-08,0
North Dakota,McKenzie,2020-08-12,0
North Dakota,Mountrail,2020-08-16,0
North Dakota,Oliver,2020-08-18,0
North Dakota,Out of ND,2020-08-19,0
North Dakota,Pembina,2020-08-20,0
North Dakota,Ransom,2020-08-23,0
North Dakota,Rolette,2020-08-26,0
North Dakota,Sargent,2020-08-27,0
North Dakota,Slope,2020-08-30,0
North Dakota,Stutsman,2020-09-02,0
North Dakota,Towner,2020-09-03,0
North Dakota,Traill,2020-09-04,0
North Dakota,Walsh,2020-09-06,0
North Dakota,Ward,2020-09-07,0
North Dakota,Williams,2020-09-09,0
Ohio,Ashland,2020-09-13,0
Ohio,Ashtabula,2020-09-14,0
Ohio,Athens,2020-09-15,0
Ohio,Auglaize,2020-09-16,1
Ohio,Belmont,2020-09-17,0
Ohio,Clermont,2020-09-23,0
Ohio,Columbiana,2020-09-25,0
Ohio,Coshocton,2020-09-26,0
Ohio,Cuyahoga,2020-09-28,0
Ohio,Darke,2020-09-29,2
Ohio,Defiance,2020-09-30,0
Ohio,Gallia,2020-10-07,0
Ohio,Geauga,2020-10-08,1
Ohio,Guernsey,2020-10-10,0
Ohio,Highland,2020-10-16,0
Ohio,Hocking,2020-10-17,0
Ohio,Licking,2020-10-25,0
Ohio,Lorain,2020-10-27,0
Ohio,Mahoning,2020-10-30,0
Ohio,Medina,2020-11-01,0
Ohio,Meigs,2020-11-02,0
Ohio,Morrow,2020-11-08,0
Ohio,Muskingum,2020-11-09,0
Ohio,Out of OH,2020-11-12,0
Ohio,Pickaway,2020-11-15,0
Ohio,Portage,2020-11-17,1
Ohio,Preble,2020-11-18,0
Ohio,Ross,2020-11-21,0
Ohio,Sandusky,2020-11-22,0
Ohio,Scioto,2020-11-23,0
Ohio,Trumbull,2020-11-28,0
Ohio,Tuscarawas,2020-11-29,0
Ohio,Van Wert,2020-12-02,0
Ohio,Vinton,2020-12-03,0
Ohio,Wood,2020-12-08,0
Ohio,Wyandot,2020-12-09,0
Oklahoma,Alfalfa,2020-12-11,0
Oklahoma,Atoka,2020-12-12,-1
Oklahoma,Beaver,2020-12-13,0
Oklahoma,Beckham,2020-12-14,0
Oklahoma,Canadian,2020-12-18,1
Oklahoma,Cimarron,2020-12-22,0
Oklahoma,Coal,2020-12-24,0
Oklahoma,Cotton,2020-12-26,0
Oklahoma,Craig,2020-12-27,1
Oklahoma,Creek,2020-12-28,0
Oklahoma,Dewey,2020-12-31,0
Oklahoma,Garvin,2021-01-03,0
Oklahoma,Greer,2021-01-06,0
Oklahoma,Harmon,2021-01-07,0
Oklahoma,Hughes,2021-01-10,1
Oklahoma,Kay,2021-01-14,0
Oklahoma,Kingfisher,2021-01-15,0
Oklahoma,Latimer,2021-01-17,0
Oklahoma,Le Flore,2021-01-18,0
Oklahoma,Love,2021-01-21,6
Oklahoma,Major,2021-01-22,0
Oklahoma,Mayes,2021-01-24,0
Oklahoma,McClain,2021-01-25,0
Oklahoma,McCurtain,2021-01-26,3
Oklahoma,Muskogee,2021-01-29,0
Oklahoma,Nowata,2021-01-31,0
Oklahoma,Okfuskee,2021-02-01,0
Oklahoma,Oklahoma,2021-02-02,1
Oklahoma,Okmulgee,2021-02-03,1
Oklahoma,Out of OK,2020-01-25,0
Oklahoma,Payne,2020-01-27,0
Oklahoma,Pittsburg,2020-01-28,0
Oklahoma,Pushmataha,2020-01-31,0
Oklahoma,Roger Mills,2020-02-01,0
Oklahoma,Rogers,2020-02-02,0
Oklahoma,Sequoyah,2020-02-04,0
Oklahoma,Tillman,2020-02-07,0
Oklahoma,Tulsa,2020-02-08,0
Oklahoma,Wagoner,2020-02-10,0
Oklahoma,Washita,2020-02-12,0
Oklahoma,Woods,2020-02-13,0
Oklahoma,Woodward,2020-02-14,0
Oregon,Clackamas,2020-02-17,0
Oregon,Clatsop,2020-02-18,0
Oregon,Crook,2020-02-21,0
Oregon,Deschutes,2020-02-23,0
Oregon,Gilliam,2020-02-25,0
Oregon,Harney,2020-02-27,0
Oregon,Hood River,2020-02-28,0
Oregon,Josephine,2020-03-02,0
Oregon,Klamath,2020-03-03,0
Oregon,Malheur,2020-03-08,0
Oregon,Multnomah,2020-03-11,0
Oregon,Out of OR,2020-03-12,0
Oregon,Tillamook,2020-03-15,0
Oregon,Umatilla,2020-03-16,0
Oregon,Wallowa,2020-03-19,0
Oregon,Wasco,2020-03-20,0
Oregon,Yamhill,2020-03-23,0
Pennsylvania,Allegheny,2020-03-25,0
Pennsylvania,Armstrong,2020-03-26,0
Pennsylvania,Bedford,2020-03-28,0
Pennsylvania,Berks,2020-03-29,0
Pennsylvania,Blair,2020-03-30,0
Pennsylvania,Bucks,2020-04-01,0
Pennsylvania,Cambria,2020-04-03,0
Pennsylvania,Centre,2020-04-06,0
Pennsylvania,Chester,2020-04-07,1
Pennsylvania,Clarion,2020-04-08,0
Pennsylvania,Clearfield,2020-04-09,0
Pennsylvania,Dauphin,2020-04-14,0
Pennsylvania,Forest,2020-04-19,0
Pennsylvania,Huntingdon,2020-04-23,0
Pennsylvania,Indiana,2020-04-24,0
Pennsylvania,Juniata,2020-04-26,0
Pennsylvania,Lackawanna,2020-04-27,1
Pennsylvania,Lebanon,2020-04-30,0
Pennsylvania,Lehigh,2020-05-01,-1
Pennsylvania,Luzerne,2020-05-02,0
Pennsylvania,Lycoming,2020-05-03,0
Pennsylvania,McKean,2020-05-04,0
Pennsylvania,Mifflin,2020-05-06,0
Pennsylvania,Montour,2020-05-09,0
Pennsylvania,Northumberland,2020-05-11,0
Pennsylvania,Out of PA,2020-05-12,0
Pennsylvania,Philadelphia,2020-05-14,0
Pennsylvania,Potter,2020-05-16,0
Pennsylvania,Schuylkill,2020-05-17,0
Pennsylvania,Snyder,2020-05-18,0
Pennsylvania,Susquehanna,2020-05-21,0
Pennsylvania,Venango,2020-05-25,0
Pennsylvania,Westmoreland,2020-05-29,0
Puerto Rico,Adjuntas,2020-06-01,1
Puerto Rico,Aguada,2020-06-02,0
Puerto Rico,Aguadilla,2020-06-03,0
Puerto Rico,Aguas Buenas,2020-06-04,0
Puerto Rico,Aibonito,2020-06-05,0
Puerto Rico,Anasco,2020-06-06,0
Puerto Rico,Arecibo,2020-06-07,0
Puerto Rico,Arroyo,2020-06-08,0
Puerto Rico,Barceloneta,2020-06-09,0
Puerto Rico,Barranquitas,2020-06-10,1
Puerto Rico,Bayamon,2020-06-11,0
Puerto Rico,Cabo Rojo,2020-06-12,0
Puerto Rico,Caguas,2020-06-13,0
Puerto Rico,Camuy,2020-06-14,0
Puerto Rico,Canovanas,2020-06-15,0
Puerto Rico,Carolina,2020-06-16,0
Puerto Rico,Catano,2020-06-17,0
Puerto Rico,Cayey,2020-06-18,1
Puerto Rico,Ceiba,2020-06-19,0
Puerto Rico,Ciales,2020-06-20,1
Puerto Rico,Cidra,2020-06-21,0
Puerto Rico,Coamo,2020-06-22,0
Puerto Rico,Comerio,2020-06-23,0
Puerto Rico,Corozal,2020-06-24,2
Puerto Rico,Culebra,2020-06-25,0
Puerto Rico,Dorado,2020-06-26,0
Puerto Rico,Fajardo,2020-06-27,1
Puerto Rico,Florida,2020-06-28,0
Puerto Rico,Guanica,2020-06-29,0
Puerto Rico,Guayama,2020-06-30,0
Puerto Rico,Guayanilla,2020-07-01,0
Puerto Rico,Guaynabo,2020-07-02,1
Puerto Rico,Gurabo,2020-07-03,0
Puerto Rico,Hatillo,2020-07-04,0
Puerto Rico,Hormigueros,2020-07-05,0
Puerto Rico,Humacao,2020-07-06,0
Puerto Rico,Isabela,2020-07-07,0
Puerto Rico,Jayuya,2020-07-08,0
Puerto Rico,Juana Diaz,2020-07-09,1
Puerto Rico,Juncos,2020-07-10,1
Puerto Rico,Lajas,2020-07-11,0
Puerto Rico,Lares,2020-07-12,1
Puerto Rico,Las Marias,2020-07-13,0
Puerto Rico,Las Piedras,2020-07-14,2
Puerto Rico,Loiza,2020-07-15,1
Puerto Rico,Luquillo,2020-07-16,1
Puerto Rico,Manati,2020-07-17,1
Puerto Rico,Maricao,2020-07-18,0
Puerto Rico,Maunabo,2020-07-19,0
Puerto Rico,Mayaguez,2020-07-20,0
Puerto Rico,Moca,2020-07-21,0
Puerto Rico,Morovis,2020-07-22,0
Puerto Rico,Naguabo,2020-07-23,0
Puerto Rico,Naranjito,2020-07-24,0
Puerto Rico,Orocovis,2020-07-25,0
Puerto Rico,Out of PR,2020-07-26,0
Puerto Rico,Patillas,2020-07-27,0
Puerto Rico,Penuelas,2020-07-28,0
Puerto Rico,Ponce,2020-07-29,0
Puerto Rico,Quebradillas,2020-07-30,0
Puerto Rico,Rincon,2020-07-31,0
Puerto Rico,Sabana Grande,2020-08-02,0
Puerto Rico,Salinas,2020-08-03,0
Puerto Rico,San German,2020-08-04,0
Puerto Rico,San Lorenzo,2020-08-06,0
Puerto Rico,San Sebastian,2020-08-07,0
Puerto Rico,Santa Isabel,2020-08-08,0
Puerto Rico,Toa Alta,2020-08-09,0
Puerto Rico,Toa Baja,2020-08-10,0
Puerto Rico,Trujillo Alto,2020-08-11,1
Puerto Rico,Utuado,2020-08-13,0
Puerto Rico,Vega Alta,2020-08-14,0
Puerto Rico,Vega Baja,2020-08-15,0
Puerto Rico,Vieques,2020-08-16,0
Puerto Rico,Villalba,2020-08-17,0
Puerto Rico,Yabucoa,2020-08-18,0
Puerto Rico,Yauco,2020-08-19,0
Rhode Island,Newport,2020-08-22,0
Rhode Island,Out of RI,2020-08-23,0
Rhode Island,Providence,2020-08-24,0
South Carolina,Abbeville,2020-08-27,0
South Carolina,Aiken,2020-08-28,0
South Carolina,Allendale,2020-08-29,0
South Carolina,Bamberg,2020-08-31,0
South Carolina,Barnwell,2020-09-01,1
South Carolina,Berkeley,2020-09-03,0
South Carolina,Charleston,2020-09-05,0
South Carolina,Chesterfield,2020-09-08,0
South Carolina,Clarendon,2020-09-09,0
South Carolina,Colleton,2020-09-10,0
South Carolina,Darlington,2020-09-11,0
South Carolina,Dillon,2020-09-12,0
South Carolina,Edgefield,2020-09-14,0
South Carolina,Florence,2020-09-16,1
South Carolina,Georgetown,2020-09-17,0
South Carolina,Greenville,2020-09-18,0
South Carolina,Hampton,2020-09-20,0
South Carolina,Horry,2020-09-21,0
South Carolina,Kershaw,2020-09-23,0
South Carolina,Lexington,2020-09-27,0
South Carolina,Marlboro,2020-09-29,2
South Carolina,McCormick,2020-09-30,0
South Carolina,Newberry,2020-10-01,1
South Carolina,Orangeburg,2020-10-03,0
South Carolina,Out of SC,2020-10-04,0
South Carolina,Saluda,2020-10-07,0
South Carolina,Spartanburg,2020-10-08,1
South Carolina,Williamsburg,2020-10-12,0
South Dakota,Aurora,2020-10-14,0
South Dakota,Beadle,2020-10-15,0
South Dakota,Bennett,2020-10-16,0
South Dakota,Bon Homme,2020-10-17,0
South Dakota,Brookings,2020-10-18,0
South Dakota,Brule,2020-10-20,1
South Dakota,Charles Mix,2020-10-24,1
South Dakota,Codington,2020-10-27,0
South Dakota,Corson,2020-10-28,0
South Dakota,Davison,2020-10-30,0
South Dakota,Day,2020-10-31,0
South Dakota,Edmunds,2020-11-04,0
South Dakota,Fall River,2020-11-05,0
South Dakota,Faulk,2020-11-06,-1
South Dakota,Gregory,2020-11-08,0
South Dakota,Haakon,2020-11-09,0
South Dakota,Hamlin,2020-11-10,0
South Dakota,Hand,2020-11-11,2
South Dakota,Hanson,2020-11-12,0
South Dakota,Hutchinson,2020-11-15,0
South Dakota,Jerauld,2020-11-18,0
South Dakota,Kingsbury,2020-11-20,0
South Dakota,Lyman,2020-11-24,0
South Dakota,McCook,2020-11-26,1
South Dakota,Mellette,2020-11-29,0
South Dakota,Miner,2020-11-30,0
South Dakota,Minnehaha,2020-12-01,0
South Dakota,Moody,2020-12-02,0
South Dakota,Oglala Lakota,2020-12-03,0
South Dakota,Out of SD,2020-12-04,0
South Dakota,Roberts,2020-12-08,0
South Dakota,Sanborn,2020-12-09,0
South Dakota,Spink,2020-12-10,0
South Dakota,Stanley,2020-12-11,0
South Dakota,Sully,2020-12-12,-1
South Dakota,Tripp,2020-12-14,0
South Dakota,Walworth,2020-12-18,1
South Dakota,Yankton,2020-12-19,0
South Dakota,Ziebach,2020-12-20,0
Tennessee,Bledsoe,2020-12-24,0
Tennessee,Cannon,2020-12-28,0
Tennessee,Cheatham,2020-12-31,0
Tennessee,Cocke,2021-01-04,0
Tennessee,Crockett,2021-01-06,0
Tennessee,Dickson,2021-01-11,1
Tennessee,Dyer,2021-01-12,0
Tennessee,Fentress,2021-01-14,0
Tennessee,Giles,2021-01-17,0
Tennessee,Grainger,2021-01-18,0
Tennessee,Hamblen,2021-01-21,6
Tennessee,Hardeman,2021-01-24,0
Tennessee,Hawkins,2021-01-26,3
Tennessee,Loudon,2020-01-30,0
Tennessee,Maury,2020-02-04,0
Tennessee,McMinn,2020-02-05,0
Tennessee,McNairy,2020-02-06,0
Tennessee,Obion,2020-02-12,0
Tennessee,Out of TN,2020-02-13,0
Tennessee,Overton,2020-02-14,0
Tennessee,Pickett,2020-02-16,0
Tennessee,Rhea,2020-02-19,0
Tennessee,Roane,2020-02-20,0
Tennessee,Sequatchie,2020-02-24,0
Tennessee,Trousdale,2020-03-03,0
Tennessee,Unicoi,2020-03-05,0
Tennessee,Weakley,2020-03-11,0
Texas,Andrews,2020-03-16,0
Texas,Angelina,2020-03-17,0
Texas,Aransas,2020-03-18,0
Texas,Archer,2020-03-19,0
Texas,Atascosa,2020-03-21,0
Texas,Austin,2020-03-22,0
Texas,Bailey,2020-03-23,0
Texas,Bandera,2020-03-24,0
Texas,Bastrop,2020-03-25,0
Texas,Baylor,2020-03-26,0
Texas,Bee,2020-03-27,0
Texas,Bexar,2020-03-29,0
Texas,Blanco,2020-03-30,0
Texas,Borden,2020-03-31,0
Texas,Bosque,2020-04-01,0
Texas,Bowie,2020-04-02,0
Texas,Brazoria,2020-04-03,0
Texas,Brazos,2020-04-04,0
Texas,Brewster,2020-04-05,0
Texas,Briscoe,2020-04-06,0
Texas,Burleson,2020-04-09,0
Texas,Burnet,2020-04-10,0
Texas,Callahan,2020-04-13,0
Texas,Camp,2020-04-15,0
Texas,Carson,2020-04-16,0
Texas,Castro,2020-04-18,0
Texas,Childress,2020-04-21,0
Texas,Cochran,2020-04-23,0
Texas,Coke,2020-04-24,0
Texas,Coleman,2020-04-25,0
Texas,Collin,2020-04-26,0
Texas,Collingsworth,2020-04-27,1
Texas,Colorado,2020-04-28,1
Texas,Comal,2020-04-29,0
Texas,Concho,2020-05-01,-1
Texas,Cooke,2020-05-02,0
Texas,Coryell,2020-05-03,0
Texas,Cottle,2020-05-04,0
Texas,Crane,2020-05-05,0
Texas,Crosby,2020-05-07,0
Texas,Culberson,2020-05-08,1
Texas,Dallam,2020-05-09,0
Texas,DeWitt,2020-05-12,0
Texas,Deaf Smith,2020-05-13,0
Texas,Denton,2020-05-15,0
Texas,Dickens,2020-05-16,0
Texas,Dimmit,2020-05-17,0
Texas,Donley,2020-05-18,0
Texas,Eastland,2020-05-20,-1
Texas,Ector,2020-05-21,0
Texas,Erath,2020-05-25,0
Texas,Falls,2020-05-26,0
Texas,Fisher,2020-05-29,0
Texas,Foard,2020-05-31,0
Texas,Fort Bend,2020-06-01,1
Texas,Freestone,2020-06-03,0
Texas,Frio,2020-06-04,0
Texas,Gaines,2020-06-05,0
Texas,Galveston,2020-06-06,0
Texas,Garza,2020-06-07,0
Texas,Gillespie,2020-06-08,0
Texas,Glasscock,2020-06-09,0
Texas,Goliad,2020-06-10,1
Texas,Gonzales,2020-06-11,0
Texas,Gregg,2020-06-14,0
Texas,Grimes,2020-06-15,0
Texas,Hansford,2020-06-20,1
Texas,Hartley,2020-06-25,0
Texas,Hays,2020-06-27,1
Texas,Hemphill,2020-06-28,0
Texas,Hockley,2020-07-02,1
Texas,Hood,2020-07-03,0
Texas,Hudspeth,2020-07-07,0
Texas,Hunt,2020-07-08,0
Texas,Irion,2020-07-10,1
Texas,Jack,2020-07-11,0
Texas,Jim Hogg,2020-07-16,1
Texas,Jim Wells,2020-07-17,1
Texas,Karnes,2020-07-20,0
Texas,Kaufman,2020-07-21,0
Texas,Kenedy,2020-07-23,0
Texas,Kerr,2020-07-25,0
Texas,Kimble,2020-07-26,0
Texas,King,2020-07-27,0
Texas,Kinney,2020-07-28,0
Texas,Kleberg,2020-07-29,0
Texas,La Salle,2020-07-31,0
Texas,Lamb,2020-08-02,0
Texas,Lampasas,2020-08-03,0
Texas,Lavaca,2020-08-04,0
Texas,Lipscomb,2020-08-09,0
Texas,Live Oak,2020-08-10,0
Texas,Llano,2020-08-11,1
Texas,Loving,2020-08-12,0
Texas,Lubbock,2020-08-13,0
Texas,Lynn,2020-08-14,0
Texas,Matagorda,2020-08-19,0
Texas,Maverick,2020-08-20,0
Texas,McCulloch,2020-08-21,0
Texas,McLennan,2020-08-22,0
Texas,McMullen,2020-08-23,0
Texas,Milam,2020-08-27,0
Texas,Montague,2020-08-30,0
Texas,Motley,2020-09-03,0
Texas,Nacogdoches,2020-09-04,0
Texas,Navarro,2020-09-05,0
Texas,Nolan,2020-09-07,0
Texas,Nueces,2020-09-08,0
Texas,Ochiltree,2020-09-09,0
Texas,Out of TX,2020-09-12,0
Texas,Palo Pinto,2020-09-13,0
Texas,Parker,2020-09-15,0
Texas,Parmer,2020-09-16,1
Texas,Pecos,2020-09-17,0
Texas,Presidio,2020-09-20,0
Texas,Rains,2020-09-21,0
Texas,Randall,2020-09-22,1
Texas,Reagan,2020-09-23,0
Texas,Real,2020-09-24,0
Texas,Reeves,2020-09-26,0
Texas,Refugio,2020-09-27,0
Texas,Rockwall,2020-09-30,0
Texas,Runnels,2020-10-01,1
Texas,Rusk,2020-10-02,-1
Texas,San Augustine,2020-10-04,0
Texas,San Jacinto,2020-10-05,0
Texas,San Patricio,2020-10-06,0
Texas,San Saba,2020-10-07,0
Texas,Schleicher,2020-10-08,1
Texas,Scurry,2020-10-09,0
Texas,Shackelford,2020-10-10,0
Texas,Somervell,2020-10-14,0
Texas,Starr,2020-10-15,0
Texas,Sterling,2020-10-17,0
Texas,Stonewall,2020-10-18,0
Texas,Sutton,2020-10-19,0
Texas,Swisher,2020-10-20,1
Texas,Tarrant,2020-10-21,1
Texas,Terry,2020-10-24,1
Texas,Throckmorton,2020-10-25,0
Texas,Titus,2020-10-26,0
Texas,Tom Green,2020-10-27,0
Texas,Travis,2020-10-28,0
Texas,Tyler,2020-10-30,0
Texas,Upshur,2020-11-01,0
Texas,Upton,2020-11-02,0
Texas,Uvalde,2020-11-03,0
Texas,Val Verde,2020-11-04,0
Texas,Van Zandt,2020-11-05,0
Texas,Victoria,2020-11-06,-1
Texas,Waller,2020-11-08,0
Texas,Webb,2020-11-11,2
Texas,Wharton,2020-11-12,0
Texas,Wilbarger,2020-11-15,0
Texas,Willacy,2020-11-16,0
Texas,Winkler,2020-11-19,2
Texas,Wise,2020-11-20,0
Texas,Yoakum,2020-11-22,0
Texas,Young,2020-11-23,0
Texas,Zapata,2020-11-24,0
Texas,Zavala,2020-11-25,2
Utah,Bear River,2020-11-26,1
Utah,Box Elder,2020-11-28,0
Utah,Cache,2020-11-29,0
Utah,Central Utah,2020-12-01,0
Utah,Daggett,2020-12-02,0
Utah,Duchesne,2020-12-04,0
Utah,Emery,2020-12-05,0
Utah,Juab,2020-12-09,0
Utah,Millard,2020-12-11,0
Utah,Out of UT,2020-12-13,0
Utah,Piute,2020-12-14,0
Utah,Rich,2020-12-15,2
Utah,Salt Lake,2020-12-16,0
Utah,Sanpete,2020-12-18,1
Utah,Southeast Utah,2020-12-20,0
Utah,Southwest Utah,2020-12-21,0
Utah,Tooele,2020-12-23,2
Utah,TriCounty,2020-12-24,0
Utah,Uintah,2020-12-25,0
Utah,Utah,2020-12-27,1
Utah,Wasatch,2020-12-28,0
Utah,Weber,2020-12-31,0
Utah,Weber-Morgan,2021-01-01,2
Vermont,Addison,2021-01-02,0
Vermont,Bennington,2021-01-03,0
Vermont,Caledonia,2021-01-04,0
Vermont,Chittenden,2021-01-05,0
Vermont,Grand Isle,2021-01-08,0
Vermont,Lamoille,2021-01-09,3
Vermont,Out of VT,2021-01-12,0
Vermont,Rutland,2021-01-13,0
Vermont,Windsor,2021-01-17,0
Virginia,Accomack,2021-01-19,0
Virginia,Albemarle,2021-01-20,0
Virginia,Alexandria,2021-01-21,6
Virginia,Amelia,2021-01-23,1
Virginia,Amherst,2021-01-24,0
Virginia,Appomattox,2021-01-25,0
Virginia,Arlington,2021-01-26,3
Virginia,Augusta,2021-01-27,2
Virginia,Bland,2021-01-30,0
Virginia,Botetourt,2021-01-31,0
Virginia,Buckingham,2020-01-23,0
Virginia,Charles City,2020-01-28,0
Virginia,Charlottesville,2020-01-30,0
Virginia,Chesapeake,2020-01-31,0
Virginia,Colonial Heights,2020-02-03,0
Virginia,Culpeper,2020-02-06,0
Virginia,Danville,2020-02-08,0
Virginia,Dickenson,2020-02-09,0
Virginia,Dinwiddie,2020-02-10,0
Virginia,Emporia,2020-02-11,0
Virginia,Fairfax,2020-02-13,0
Virginia,Fairfax City,2020-02-14,0
Virginia,Falls Church,2020-02-15,0
Virginia,Fauquier,2020-02-16,0
Virginia,Fluvanna,2020-02-18,0
Virginia,Franklin City,2020-02-20,0
Virginia,Fredericksburg,2020-02-22,0
Virginia,Galax,2020-02-23,0
Virginia,Goochland,2020-02-26,0
Virginia,Greensville,2020-02-29,0
Virginia,Hanover,2020-03-03,0
Virginia,Harrisonburg,2020-03-04,0
Virginia,Henrico,2020-03-05,0
Virginia,Hopewell,2020-03-08,0
Virginia,Isle of Wight,2020-03-09,0
Virginia,James City,2020-03-10,0
Virginia,King George,2020-03-11,0
Virginia,King William,2020-03-12,0
Virginia,King and Queen,2020-03-13,0
Virginia,Loudoun,2020-03-17,0
Virginia,Lunenburg,2020-03-19,0
Virginia,Lynchburg,2020-03-20,0
Virginia,Manassas,2020-03-22,0
Virginia,Manassas Park,2020-03-23,0
Virginia,Martinsville,2020-03-24,0
Virginia,Mathews,2020-03-25,0
Virginia,New Kent,2020-03-30,0
Virginia,Newport News,2020-03-31,0
Virginia,Nottoway,2020-04-05,0
Virginia,Out of VA,2020-04-07,1
Virginia,Patrick,2020-04-09,0
Virginia,Pittsylvania,2020-04-11,0
Virginia,Poquoson,2020-04-12,0
Virginia,Portsmouth,2020-04-13,0
Virginia,Powhatan,2020-04-14,0
Virginia,Prince Edward,2020-04-15,0
Virginia,Prince George,2020-04-16,0
Virginia,Prince William,2020-04-17,1
Virginia,Radford,2020-04-19,0
Virginia,Rappahannock,2020-04-20,-1
Virginia,Richmond City,2020-04-22,1
Virginia,Roanoke,2020-04-23,0
Virginia,Roanoke City,2020-04-24,0
Virginia,Rockbridge,2020-04-25,0
Virginia,Shenandoah,2020-04-30,0
Virginia,Smyth,2020-05-01,-1
Virginia,Southampton,2020-05-02,0
Virginia,Spotsylvania,2020-05-03,0
Virginia,Staunton,2020-05-05,0
Virginia,Virginia Beach,2020-05-11,0
Virginia,Waynesboro,2020-05-14,0
Virginia,Winchester,2020-05-17,0
Virginia,Wythe,2020-05-19,0
Washington,Asotin,2020-05-22,0
Washington,Chelan,2020-05-24,0
Washington,Clallam,2020-05-25,0
Washington,Cowlitz,2020-05-28,0
Washington,Ferry,2020-05-30,1
Washington,Grays Harbor,2020-06-03,0
Washington,Island,2020-06-04,0
Washington,Kitsap,2020-06-07,0
Washington,Kittitas,2020-06-08,0
Washington,Klickitat,2020-06-09,0
Washington,Okanogan,2020-06-13,0
Washington,Out of WA,2020-06-14,0
Washington,Pacific,2020-06-15,0
Washington,Pend Oreille,2020-06-16,0
Washington,Skagit,2020-06-19,0
Washington,Skamania,2020-06-20,1
Washington,Snohomish,2020-06-21,0
Washington,Spokane,2020-06-22,0
Washington,Wahkiakum,2020-06-26,0
Washington,Walla Walla,2020-06-27,1
Washington,Whatcom,2020-06-28,0
Washington,Whitman,2020-06-29,0
Washington,Yakima,2020-06-30,0
West Virginia,Braxton,2020-07-04,0
West Virginia,Brooke,2020-07-05,0
West Virginia,Cabell,2020-07-06,0
West Virginia,Doddridge,2020-07-09,1
West Virginia,Greenbrier,2020-07-13,0
West Virginia,Hardy,2020-07-16,1
West Virginia,Kanawha,2020-07-20,0
West Virginia,Mingo,2020-07-30,0
West Virginia,Monongalia,2020-07-31,0
West Virginia,Out of WV,2020-08-05,1
West Virginia,Pleasants,2020-08-07,0
West Virginia,Preston,2020-08-09,0
West Virginia,Raleigh,2020-08-11,1
West Virginia,Ritchie,2020-08-13,0
West Virginia,Summers,2020-08-15,0
West Virginia,Tucker,2020-08-17,0
West Virginia,Wetzel,2020-08-23,0
West Virginia,Wirt,2020-08-24,0
Wisconsin,Barron,2020-08-29,0
Wisconsin,Bayfield,2020-08-30,0
Wisconsin,Burnett,2020-09-02,0
Wisconsin,Calumet,2020-09-03,0
Wisconsin,Dane,2020-09-08,0
Wisconsin,Door,2020-09-10,0
Wisconsin,Eau Claire,2020-09-13,0
Wisconsin,Fond du Lac,2020-09-15,0
Wisconsin,Green Lake,2020-09-19,0
Wisconsin,Kenosha,2020-09-25,0
Wisconsin,Kewaunee,2020-09-26,0
Wisconsin,La Crosse,2020-09-27,0
Wisconsin,Langlade,2020-09-29,2
Wisconsin,Manitowoc,2020-10-01,1
Wisconsin,Marathon,2020-10-02,-1
Wisconsin,Marinette,2020-10-03,0
Wisconsin,Milwaukee,2020-10-06,0
Wisconsin,Oconto,2020-10-08,1
Wisconsin,Out of WI,2020-10-10,0
Wisconsin,Outagamie,2020-10-11,0
Wisconsin,Ozaukee,2020-10-12,0
Wisconsin,Pepin,2020-10-13,0
Wisconsin,Price,2020-10-17,0
Wisconsin,Racine,2020-10-18,0
Wisconsin,Sauk,2020-10-22,0
Wisconsin,Sawyer,2020-10-23,0
Wisconsin,Shawano,2020-10-24,1
Wisconsin,Sheboygan,2020-10-25,0
Wisconsin,St. Croix,2020-10-26,0
Wisconsin,Trempealeau,2020-10-28,0
Wisconsin,Vilas,2020-10-31,0
Wisconsin,Washburn,2020-11-02,0
Wisconsin,Waukesha,2020-11-04,0
Wisconsin,Waupaca,2020-11-05,0
Wisconsin,Waushara,2020-11-06,-1
Wyoming,Converse,2020-11-13,4
Wyoming,Goshen,2020-11-16,0
Wyoming,Hot Springs,2020-11-17,1
Wyoming,Laramie,2020-11-19,2
Wyoming,Natrona,2020-11-21,0
Wyoming,Niobrara,2020-11-22,0
Wyoming,Out of WY,2020-11-23,0
Wyoming,Sublette,2020-11-27,0
Wyoming,Sweetwater,2020-11-28,0
Wyoming,Uinta,2020-11-30,0
Wyoming,Washakie,2020-12-02,0
Wyoming,Weston,2020-12-02,0
